{
  "model_input_cols_count": 1072,
  "pca_components_k": 661,
  "pca_explained_var_pct": 95.0323257446289,
  "target_rate": 0.3,
  "low_prop_threshold_t": 1.01,
  "created_at": "2026-01-09T07:56:38.917648"
}